[
  {
    "code": "10",
    "name_th": "กรุงเทพมหานคร"
  },
  {
    "code": "11",
    "name_th": "สมุทรปราการ"
  },
  {
    "code": "12",
    "name_th": "นนทบุรี"
  },
  {
    "code": "13",
    "name_th": "ปทุมธานี"
  },
  {
    "code": "14",
    "name_th": "พระนครศรีอยุธยา"
  },
  {
    "code": "15",
    "name_th": "อ่างทอง"
  },
  {
    "code": "16",
    "name_th": "ลพบุรี"
  },
  {
    "code": "17",
    "name_th": "สิงห์บุรี"
  },
  {
    "code": "18",
    "name_th": "ชัยนาท"
  },
  {
    "code": "19",
    "name_th": "สระบุรี"
  },
  {
    "code": "20",
    "name_th": "ชลบุรี"
  },
  {
    "code": "21",
    "name_th": "ระยอง"
  },
  {
    "code": "22",
    "name_th": "จันทบุรี"
  },
  {
    "code": "23",
    "name_th": "ตราด"
  },
  {
    "code": "24",
    "name_th": "ฉะเชิงเทรา"
  },
  {
    "code": "25",
    "name_th": "ปราจีนบุรี"
  },
  {
    "code": "26",
    "name_th": "นครนายก"
  },
  {
    "code": "27",
    "name_th": "สระแก้ว"
  },
  {
    "code": "30",
    "name_th": "นครราชสีมา"
  },
  {
    "code": "31",
    "name_th": "บุรีรัมย์"
  },
  {
    "code": "32",
    "name_th": "สุรินทร์"
  },
  {
    "code": "33",
    "name_th": "ศรีสะเกษ"
  },
  {
    "code": "34",
    "name_th": "อุบลราชธานี"
  },
  {
    "code": "35",
    "name_th": "ยโสธร"
  },
  {
    "code": "36",
    "name_th": "ชัยภูมิ"
  },
  {
    "code": "37",
    "name_th": "อำนาจเจริญ"
  },
  {
    "code": "38",
    "name_th": "บึงกาฬ"
  },
  {
    "code": "39",
    "name_th": "หนองบัวลำภู"
  },
  {
    "code": "40",
    "name_th": "ขอนแก่น"
  },
  {
    "code": "41",
    "name_th": "อุดรธานี"
  },
  {
    "code": "42",
    "name_th": "เลย"
  },
  {
    "code": "43",
    "name_th": "หนองคาย"
  },
  {
    "code": "44",
    "name_th": "มหาสารคาม"
  },
  {
    "code": "45",
    "name_th": "ร้อยเอ็ด"
  },
  {
    "code": "46",
    "name_th": "กาฬสินธุ์"
  },
  {
    "code": "47",
    "name_th": "สกลนคร"
  },
  {
    "code": "48",
    "name_th": "นครพนม"
  },
  {
    "code": "49",
    "name_th": "มุกดาหาร"
  },
  {
    "code": "50",
    "name_th": "เชียงใหม่"
  },
  {
    "code": "51",
    "name_th": "ลำพูน"
  },
  {
    "code": "52",
    "name_th": "ลำปาง"
  },
  {
    "code": "53",
    "name_th": "อุตรดิตถ์"
  },
  {
    "code": "54",
    "name_th": "แพร่"
  },
  {
    "code": "55",
    "name_th": "น่าน"
  },
  {
    "code": "56",
    "name_th": "พะเยา"
  },
  {
    "code": "57",
    "name_th": "เชียงราย"
  },
  {
    "code": "58",
    "name_th": "แม่ฮ่องสอน"
  },
  {
    "code": "60",
    "name_th": "นครสวรรค์"
  },
  {
    "code": "61",
    "name_th": "อุทัยธานี"
  },
  {
    "code": "62",
    "name_th": "กำแพงเพชร"
  },
  {
    "code": "63",
    "name_th": "ตาก"
  },
  {
    "code": "64",
    "name_th": "สุโขทัย"
  },
  {
    "code": "65",
    "name_th": "พิษณุโลก"
  },
  {
    "code": "66",
    "name_th": "พิจิตร"
  },
  {
    "code": "67",
    "name_th": "เพชรบูรณ์"
  },
  {
    "code": "70",
    "name_th": "ราชบุรี"
  },
  {
    "code": "71",
    "name_th": "กาญจนบุรี"
  },
  {
    "code": "72",
    "name_th": "สุพรรณบุรี"
  },
  {
    "code": "73",
    "name_th": "นครปฐม"
  },
  {
    "code": "74",
    "name_th": "สมุทรสาคร"
  },
  {
    "code": "75",
    "name_th": "สมุทรสงคราม"
  },
  {
    "code": "76",
    "name_th": "เพชรบุรี"
  },
  {
    "code": "77",
    "name_th": "ประจวบคีรีขันธ์"
  },
  {
    "code": "80",
    "name_th": "นครศรีธรรมราช"
  },
  {
    "code": "81",
    "name_th": "กระบี่"
  },
  {
    "code": "82",
    "name_th": "พังงา"
  },
  {
    "code": "83",
    "name_th": "ภูเก็ต"
  },
  {
    "code": "84",
    "name_th": "สุราษฎร์ธานี"
  },
  {
    "code": "85",
    "name_th": "ระนอง"
  },
  {
    "code": "86",
    "name_th": "ชุมพร"
  },
  {
    "code": "90",
    "name_th": "สงขลา"
  },
  {
    "code": "91",
    "name_th": "สตูล"
  },
  {
    "code": "92",
    "name_th": "ตรัง"
  },
  {
    "code": "93",
    "name_th": "พัทลุง"
  },
  {
    "code": "94",
    "name_th": "ปัตตานี"
  },
  {
    "code": "95",
    "name_th": "ยะลา"
  },
  {
    "code": "96",
    "name_th": "นราธิวาส"
  }
]